repo_file	action	old_url	new_url
sources.html	replace	https://libguides.liverpool.ac.uk/cunardarchive	https://libguides.liverpool.ac.uk/
sources.html	remove_link	https://archives.hul.ac.uk/repositories/2/resources/248	
sources.html	remove_link	https://www.nnshipbuildingmuseum.org/	
sources.html	replace	https://www.gov.uk/government/collections/merchant-shipping-inquiries	https://www.gov.uk/
sources.html	replace	https://www.nationalarchives.gov.uk/help-with-your-research/research-guides/merchant-seamen/	https://www.nationalarchives.gov.uk/
sources.html	replace	https://danielallenbutler.com/	https://web.archive.org/web/20250711083314/http://www.danielallenbutler.com/
sources.html	replace	https://www.encyclopedia-titanica.org/community/members/charles-haas.21/	https://www.encyclopedia-titanica.org/
sources.html	replace	https://www.rmg.co.uk/stories/topics/exhibitions	https://www.rmg.co.uk/
sources.html	replace	https://www.encyclopedia-titanica.org/community/members/bill-wormstedt.35/	https://www.encyclopedia-titanica.org/
history-of-ocean-liners.html	remove_link	https://www.cunard.com/en-us/about-cunard/history	
history-of-cunard.html	remove_link	https://www.cunard.com/en-us/about-cunard/history	
ships/rms-carmania.html	remove_link	https://ssmaritime.com/Carmania-1905.htm	
ships/rms-queen-mary.html	replace	https://www.historichotels.org/us/hotels-resorts/the-queen-mary/history.php	https://web.archive.org/web/20260519162609/https://www.historichotels.org/us/hotels-resorts/the-queen-mary/history.php
ships/ss-conte-di-savoia.html	replace	https://ssmaritime.com/SS-Conte-Di-Savoia.htm	https://web.archive.org/web/20241117111200/http://ssmaritime.com/SS-Conte-Di-Savoia.htm
ships/ss-france-1912.html	replace	https://ssmaritime.com/Ile-de-France.htm	https://web.archive.org/web/20260518235157/http://ssmaritime.com/Ile-de-France.htm
ships/ss-ile-de-france.html	replace	https://ssmaritime.com/Ile-de-France.htm	https://web.archive.org/web/20260518235157/http://ssmaritime.com/Ile-de-France.htm
ships/ss-normandie.html	replace	https://ssmaritime.com/Normandie.htm	https://web.archive.org/web/20251110050739/http://ssmaritime.com/Normandie.htm
ships/rms-queen-mary-timeline.html	replace	https://www.cunard.com/	https://web.archive.org/web/20181211060549/https://www.cunard.com/
ships/ms-bermuda.html	remove_link	https://www.simplonpc.co.uk/FurnessBermudaBermuda1928.html	
ships/ms-saturnia.html	replace	https://gentedimareitaliangenealogy.info/passenger-lists/saturnia/	https://web.archive.org/web/20250824202125/http://gentedimareitaliangenealogy.info/passenger-lists/saturnia/
ships/ms-stockholm.html	replace	https://ssmaritime.com/stockholm.htm	https://web.archive.org/web/20260115220611/http://ssmaritime.com/stockholm.htm
ships/mv-britannic.html	remove_link	https://ssmaritime.com/MV-Britannic-3.htm	
ships/mv-georgic.html	remove_link	https://ssmaritime.com/Georgic.htm	
ships/qsmv-dominion-monarch.html	remove_link	https://ssmaritime.com/dominionmonarch.htm	
ships/rms-cedric.html	replace	https://www.norwayheritage.com/p_ship.asp?sh=cedr2	https://www.norwayheritage.com/
ships/rms-empress-of-ireland.html	replace	https://ssmaritime.com/Empress-of-Ireland-1906.htm	https://web.archive.org/web/20260207103509/http://ssmaritime.com/Empress-of-Ireland-1906.htm
ships/rms-mauretania-ii.html	remove_link	https://ssmaritime.com/RMS-Mauretania.htm	
ships/rms-moldavia.html	replace	https://www.theshipslist.com/ships/lines/pando.shtml	https://web.archive.org/web/20240718011417/https://www.theshipslist.com/ships/lines/pando.shtml
ships/rms-orontes.html	remove_link	https://www.theshipslist.com/ships/lines/orient.shtml	
ships/rms-queen-mary-2.html	replace	https://www.cunard.com/en-us/cruise-ships/queen-mary-2/queen-mary-2-history	https://web.archive.org/web/20260411205611/https://www.cunard.com/en-us/cruise-ships/queen-mary-2/queen-mary-2-history
ships/rms-queen-mary-2.html	remove_link	https://www.cunard.com/en-us/cruise-destinations/transatlantic-cruises	
ships/rms-servia-1881.html	replace	https://www.cunard.com/en-us/cunard-stories/180-years-of-cunard	https://web.archive.org/web/20260521040809/https://www.cunard.com/en-us/cunard-stories/180-years-of-cunard
ships/rms-strathnaver.html	remove_link	https://ssmaritime.com/strathaird.htm	
ships/rms-windsor-castle.html	replace	https://ssmaritime.com/windsorcastle1.htm	https://web.archive.org/web/20250222194419/http://ssmaritime.com/windsorcastle1.htm
ships/rms-windsor-castle-1921.html	replace	https://www.maritimequest.com/liners/windsor_castle_1922_ships_history.htm	https://www.maritimequest.com/
ships/ss-america.html	replace	https://ssmaritime.com/SS-America.htm	https://web.archive.org/web/20260215030543/http://ssmaritime.com/SS-America.htm
ships/ss-ascania-1911.html	replace	https://www.norwayheritage.com/p_ship.asp?sh=asca1	https://www.norwayheritage.com/
ships/ss-asturias-1925.html	remove_link	https://www.ssasturias.net/index_p2.html	
ships/ss-barbarossa.html	remove_link	https://www.history.navy.mil/research/histories/ship-histories/danfs/b/barbarossa-i.html	
ships/ss-barbarossa.html	replace	https://www.history.navy.mil/research/histories/ship-histories/danfs/m/mercury-iv.html	https://web.archive.org/web/20251210115946/https://www.history.navy.mil/research/histories/ship-histories/danfs/m/mercury-iv.html
ships/ss-belgenland.html	remove_link	https://www.redstarline.eu/ships.html	
ships/ss-bretagne.html	replace	https://www.ssmaritime.com/	https://web.archive.org/web/20260712123243/http://ssmaritime.com/
ships/ss-canberra.html	remove_link	https://www.pandoheritage.com/	
ships/ss-city-of-new-york-1888.html	remove_link	https://www.history.navy.mil/	
ships/ss-constitution.html	replace	https://ssmaritime.com/ss-independence-constitution.htm	https://web.archive.org/web/20260114204245/http://ssmaritime.com/ss-independence-constitution.htm
ships/ss-conte-grande.html	replace	https://www.ssmaritime.com/conte-grande.htm	https://web.archive.org/web/20260422171559/http://ssmaritime.com/Conte-Grande.htm
ships/ss-conte-rosso.html	replace	https://www.ssmaritime.com/	https://web.archive.org/web/20260712123243/http://ssmaritime.com/
ships/ss-corsican.html	replace	https://www.simplonpc.co.uk/CP2.html	https://web.archive.org/web/20251206184617/https://simplonpc.co.uk/CP2.html
ships/ss-cristoforo-colombo.html	remove_link	https://ssmaritime.com/	
ships/ss-cuba.html	replace	https://www.cunard.com/en-us/cunard-stories/180-years-of-cunard	https://web.archive.org/web/20260521040809/https://www.cunard.com/en-us/cunard-stories/180-years-of-cunard
ships/ss-cymric.html	replace	https://www.norwayheritage.com/p_ship.asp?sh=cymri	https://web.archive.org/web/20250816163513/https://www.norwayheritage.com/p_ship.asp?sh=cymri
ships/ss-deutschland.html	replace	https://www.norwayheritage.com/p_ship.asp?sh=deutc	https://web.archive.org/web/20251101105436/https://www.norwayheritage.com/p_ship.asp?sh=deutc
ships/ss-deutschland.html	replace	https://ssmaritime.com/Blue-Riband.htm	https://web.archive.org/web/20250428025254/http://ssmaritime.com/Blue-Riband.htm
ships/ss-doric.html	replace	https://www.norwayheritage.com/p_ship.asp?sh=dori2	https://web.archive.org/web/20251028220021/https://www.norwayheritage.com/p_ship.asp?sh=dori2
ships/ss-drottningholm.html	replace	https://www.norwayheritage.com/p_ship.asp?sh=drotn	https://web.archive.org/web/20251231075223/https://www.norwayheritage.com/p_ship.asp?sh=drotn
ships/ss-duchess-of-richmond.html	replace	https://www.norwayheritage.com/p_ship.asp?sh=ducri	https://www.norwayheritage.com/
ships/ss-duilio.html	remove_link	https://www.theshipslist.com/ships/lines/italian.shtml	
ships/ss-france.html	replace	https://ssmaritime.com/ss-france.htm	https://web.archive.org/web/20260102232458/http://ssmaritime.com/SS-France.htm
ships/ss-friedrich-der-grosse.html	remove_link	https://www.navsource.org/archives/12/171408.htm	
ships/ss-gneisenau.html	remove_link	https://www.germanliners.com/gneisenau/	
ships/ss-gneisenau.html	remove_link	https://www.ddghansa-shipsphotos.de/gneisenau100.htm	
ships/ss-grosser-kurfurst.html	replace	https://web.archive.org/web/0/https://www.history.navy.mil/research/histories/ship-histories/danfs/g/grosser-kurfurst.html	https://web.archive.org/
ships/ss-konigin-luise.html	replace	https://web.archive.org/web/0/https://www.history.navy.mil/research/histories/ship-histories/danfs/b/barbarossa-i.html	https://web.archive.org/
ships/ss-lafayette.html	replace	https://www.ssmaritime.com/	https://web.archive.org/web/20260712123243/http://ssmaritime.com/
ships/ss-lapland.html	remove_link	https://www.redstarline.eu/lapland.html	
ships/ss-leonardo-da-vinci.html	replace	https://ssmaritime.com/Leonardo-da-Vinci.htm	https://web.archive.org/web/20220521142058/http://ssmaritime.com/Leonardo-da-Vinci.htm
ships/ss-lurline-1932.html	remove_link	https://ssmaritime.com/Ellinis-Part-1.htm	
ships/ss-mariposa.html	replace	https://ssmaritime.com/Mariposa.htm	https://web.archive.org/web/20250428013749/http://ssmaritime.com/Mariposa.htm
ships/ss-mayflower.html	replace	https://www.ggarchives.com/OceanTravel/Passengers/DominionLine/index.html	https://www.ggarchives.com/
ships/ss-michelangelo-1965.html	replace	https://ssmaritime.com/italia-lines.htm	https://web.archive.org/web/20251204201205/http://ssmaritime.com/italia-lines.htm
ships/ss-minnesota.html	replace	https://web.archive.org/web/0/https://www.history.navy.mil/content/history/nhhc/our-collections/photography/us-people/b/brainard-frank-o/nh-106032.html	https://web.archive.org/
ships/ss-monarch-of-bermuda.html	remove_link	https://ssmaritime.com/Monarch-of-Bermuda.htm	
ships/ss-mongolia.html	remove_link	https://www.navsource.org/archives/12/171615.htm	
ships/ss-monterey.html	replace	https://ssmaritime.com/matson-mariposa-monterey-1.htm	https://web.archive.org/web/20251105150306/http://ssmaritime.com/matson-mariposa-monterey-1.htm
ships/ss-nieuw-amsterdam.html	replace	https://www.nautilusint.org/en/news-insight/ships-of-the-past/2021/april/nieuw-amsterdam/	https://web.archive.org/web/20251212170016/https://www.nautilusint.org/en/news-insight/ships-of-the-past/2021/april/nieuw-amsterdam/
ships/ss-nieuw-amsterdam.html	replace	https://ssmaritime.com/nieuwamsterdam-ii.htm	https://web.archive.org/web/20260206061332/http://ssmaritime.com/nieuwamsterdam-II.htm
ships/ss-nomadic.html	remove_link	https://www.nomadicpreservationtrust.org/	
ships/ss-oriana.html	remove_link	https://www.ssmaritime.com/oriana.htm	
ships/ss-orion.html	replace	https://ssmaritime.com/orion.htm	https://web.archive.org/web/20250814123617/http://ssmaritime.com/orion.htm
ships/ss-otranto.html	replace	https://www.norwayheritage.com/p_ship.asp?sh=otran	https://www.norwayheritage.com/
ships/ss-paris.html	remove_link	https://ssmaritime.com/SS-Paris.htm	
ships/ss-pasteur.html	replace	https://faktaomfartyg.se/pasteur_1939.htm	https://web.archive.org/web/20250120132503/http://www.faktaomfartyg.se/pasteur_1939.htm
ships/ss-pennland.html	replace	https://www.nautilusint.org/en/news-insight/ships-of-the-past/2021/april/pennland/	https://web.archive.org/web/20260106000811/https://www.nautilusint.org/en/news-insight/ships-of-the-past/2021/april/pennland/
ships/ss-raffaello-1965.html	replace	https://ssmaritime.com/italia-lines.htm	https://web.archive.org/web/20251204201205/http://ssmaritime.com/italia-lines.htm
ships/ss-rex.html	replace	https://ssmaritime.com/Blue-Riband.htm	https://web.archive.org/web/20250428025254/http://ssmaritime.com/Blue-Riband.htm
ships/ss-rijndam-1901.html	replace	https://www.theyard.info/ships/ship.asp?entryid=336	https://www.theyard.info/
ships/ss-rotterdam-1959.html	remove_link	https://ssmaritime.com/Rotterdam-V-P1.htm	
ships/ss-rotterdam-1959.html	remove_link	https://ssmaritime.com/Rotterdam-V-P7.htm	
ships/ss-scharnhorst.html	remove_link	https://www.germanliners.com/scharnhorst/	
ships/ss-scharnhorst.html	remove_link	https://www.ddghansa-shipsphotos.de/scharnhorst100.htm	
ships/ss-veendam.html	replace	https://www.norwayheritage.com/p_ship.asp?sh=veend	https://www.norwayheritage.com/
ships/ss-washington.html	remove_link	https://www.usmm.org/washington.html	
ships/ss-zeeland.html	replace	https://www.norwayheritage.com/p_ship.asp?sh=zeela	https://www.norwayheritage.com/
this-day-in-ocean-liner-history.html	replace	https://oceanliners.net/'%20+%20escapeHTML(event.relatedUrl)%20+%20'	https://oceanliners.net/
ships/ss-leviathan-timeline.html	remove_link	https://www.history.navy.mil/	